<?xml version="1.0" encoding="UTF-8"?>
<export version="E">
  <design>
    <source>/home/jorgep/Desktop/Faculdade/2Ano/PowerElectronics/project/universal12Vsupply/universal12Vsupply.kicad_sch</source>
    <date>Sat 04 Nov 2023 14:51:26 CET</date>
    <tool>Eeschema 7.0.8</tool>
    <sheet number="1" name="/" tstamps="/">
      <title_block>
        <title>Universal 12V supply</title>
        <company>KU Leuven</company>
        <rev>0.1</rev>
        <date>2023-11-03</date>
        <source>universal12Vsupply.kicad_sch</source>
        <comment number="1" value="jpais"/>
        <comment number="2" value=""/>
        <comment number="3" value=""/>
        <comment number="4" value=""/>
        <comment number="5" value=""/>
        <comment number="6" value=""/>
        <comment number="7" value=""/>
        <comment number="8" value=""/>
        <comment number="9" value=""/>
      </title_block>
    </sheet>
  </design>
  <components>
    <comp ref="C1">
      <value>47p</value>
      <footprint>Capacitor_SMD:C_0603_1608Metric_Pad1.08x0.95mm_HandSolder</footprint>
      <fields>
        <field name="Farnell">https://be.farnell.com/en-BE/kemet/c0603c470f1gactu/cap-47pf-100v-1-c0g-np0-0603/dp/2820807?st=47p%20smd%20cap%200603</field>
      </fields>
      <libsource lib="Device" part="C" description="Unpolarized capacitor"/>
      <property name="Farnell" value="https://be.farnell.com/en-BE/kemet/c0603c470f1gactu/cap-47pf-100v-1-c0g-np0-0603/dp/2820807?st=47p%20smd%20cap%200603"/>
      <property name="Sheetname" value=""/>
      <property name="Sheetfile" value="universal12Vsupply.kicad_sch"/>
      <property name="ki_description" value="Unpolarized capacitor"/>
      <property name="ki_keywords" value="cap capacitor"/>
      <sheetpath names="/" tstamps="/"/>
      <tstamps>f3ceeed7-d4b9-4877-b7ab-bf5868b37de5</tstamps>
    </comp>
    <comp ref="C2">
      <value>100n</value>
      <footprint>Capacitor_SMD:C_0805_2012Metric_Pad1.18x1.45mm_HandSolder</footprint>
      <fields>
        <field name="Farnell">https://be.farnell.com/en-BE/kemet/c0805x104j5rac3316/cap-0-1-f-50v-5-x7r-0805/dp/2666904?st=100n%20smd%20cap%200805</field>
      </fields>
      <libsource lib="Device" part="C" description="Unpolarized capacitor"/>
      <property name="Farnell" value="https://be.farnell.com/en-BE/kemet/c0805x104j5rac3316/cap-0-1-f-50v-5-x7r-0805/dp/2666904?st=100n%20smd%20cap%200805"/>
      <property name="Sheetname" value=""/>
      <property name="Sheetfile" value="universal12Vsupply.kicad_sch"/>
      <property name="ki_description" value="Unpolarized capacitor"/>
      <property name="ki_keywords" value="cap capacitor"/>
      <sheetpath names="/" tstamps="/"/>
      <tstamps>32f5eb6a-8a9e-4b02-bf1e-224bb7e24542</tstamps>
    </comp>
    <comp ref="C3">
      <value>15u</value>
      <footprint>Capacitor_SMD:C_1206_3216Metric_Pad1.33x1.80mm_HandSolder</footprint>
      <fields>
        <field name="Farnell">https://be.farnell.com/en-BE/avx/tpsa156k006r0700/cap-15-f-6-3v-10-1206-smd/dp/1658485?st=15u%20smd%20cap</field>
      </fields>
      <libsource lib="Device" part="C" description="Unpolarized capacitor"/>
      <property name="Farnell" value="https://be.farnell.com/en-BE/avx/tpsa156k006r0700/cap-15-f-6-3v-10-1206-smd/dp/1658485?st=15u%20smd%20cap"/>
      <property name="Sheetname" value=""/>
      <property name="Sheetfile" value="universal12Vsupply.kicad_sch"/>
      <property name="ki_description" value="Unpolarized capacitor"/>
      <property name="ki_keywords" value="cap capacitor"/>
      <sheetpath names="/" tstamps="/"/>
      <tstamps>3176253a-232e-404a-a24b-24cf00b07653</tstamps>
    </comp>
    <comp ref="C4">
      <value>15u</value>
      <footprint>Capacitor_SMD:C_1206_3216Metric_Pad1.33x1.80mm_HandSolder</footprint>
      <fields>
        <field name="Farnell">https://be.farnell.com/en-BE/avx/tpsa156k006r0700/cap-15-f-6-3v-10-1206-smd/dp/1658485?st=15u%20smd%20cap</field>
      </fields>
      <libsource lib="Device" part="C" description="Unpolarized capacitor"/>
      <property name="Farnell" value="https://be.farnell.com/en-BE/avx/tpsa156k006r0700/cap-15-f-6-3v-10-1206-smd/dp/1658485?st=15u%20smd%20cap"/>
      <property name="Sheetname" value=""/>
      <property name="Sheetfile" value="universal12Vsupply.kicad_sch"/>
      <property name="ki_description" value="Unpolarized capacitor"/>
      <property name="ki_keywords" value="cap capacitor"/>
      <sheetpath names="/" tstamps="/"/>
      <tstamps>07f9f1d1-73a5-4969-98a0-dccb0f15f702</tstamps>
    </comp>
    <comp ref="C5">
      <value>470u</value>
      <footprint>Capacitor_SMD:CP_Elec_10x12.6</footprint>
      <fields>
        <field name="Farnell">https://be.farnell.com/en-BE/panasonic/25svpk470m/cap-470-f-25v/dp/2759084?st=470u%20smd%20cap</field>
      </fields>
      <libsource lib="Device" part="C_Polarized" description="Polarized capacitor"/>
      <property name="Farnell" value="https://be.farnell.com/en-BE/panasonic/25svpk470m/cap-470-f-25v/dp/2759084?st=470u%20smd%20cap"/>
      <property name="Sheetname" value=""/>
      <property name="Sheetfile" value="universal12Vsupply.kicad_sch"/>
      <property name="ki_description" value="Polarized capacitor"/>
      <property name="ki_keywords" value="cap capacitor"/>
      <sheetpath names="/" tstamps="/"/>
      <tstamps>5608253f-539b-445c-8d34-715190bb36ca</tstamps>
    </comp>
    <comp ref="C6">
      <value>15u</value>
      <footprint>Capacitor_SMD:C_1206_3216Metric_Pad1.33x1.80mm_HandSolder</footprint>
      <fields>
        <field name="Farnell">https://be.farnell.com/en-BE/avx/tpsa156k006r0700/cap-15-f-6-3v-10-1206-smd/dp/1658485?st=15u%20smd%20cap</field>
      </fields>
      <libsource lib="Device" part="C" description="Unpolarized capacitor"/>
      <property name="Farnell" value="https://be.farnell.com/en-BE/avx/tpsa156k006r0700/cap-15-f-6-3v-10-1206-smd/dp/1658485?st=15u%20smd%20cap"/>
      <property name="Sheetname" value=""/>
      <property name="Sheetfile" value="universal12Vsupply.kicad_sch"/>
      <property name="ki_description" value="Unpolarized capacitor"/>
      <property name="ki_keywords" value="cap capacitor"/>
      <sheetpath names="/" tstamps="/"/>
      <tstamps>313a8cb0-a4af-4937-8d63-787b33e1e4ee</tstamps>
    </comp>
    <comp ref="Cbias1">
      <value>1u</value>
      <footprint>Capacitor_SMD:C_0805_2012Metric_Pad1.18x1.45mm_HandSolder</footprint>
      <fields>
        <field name="Farnell">https://be.farnell.com/en-BE/kemet/c0805c105j8ractu/cap-1-f-10v-5-x7r-0805/dp/2773210?st=1u%20smd%20cap%200805</field>
      </fields>
      <libsource lib="Device" part="C" description="Unpolarized capacitor"/>
      <property name="Farnell" value="https://be.farnell.com/en-BE/kemet/c0805c105j8ractu/cap-1-f-10v-5-x7r-0805/dp/2773210?st=1u%20smd%20cap%200805"/>
      <property name="Sheetname" value=""/>
      <property name="Sheetfile" value="universal12Vsupply.kicad_sch"/>
      <property name="ki_description" value="Unpolarized capacitor"/>
      <property name="ki_keywords" value="cap capacitor"/>
      <sheetpath names="/" tstamps="/"/>
      <tstamps>177fa58a-0210-42bc-9d86-5e23130d89dd</tstamps>
    </comp>
    <comp ref="Cboot1">
      <value>100n</value>
      <footprint>Capacitor_SMD:C_0805_2012Metric_Pad1.18x1.45mm_HandSolder</footprint>
      <fields>
        <field name="Farnell">https://be.farnell.com/en-BE/kemet/c0805x104j5rac3316/cap-0-1-f-50v-5-x7r-0805/dp/2666904?st=100n%20smd%20cap%200805</field>
      </fields>
      <libsource lib="Device" part="C" description="Unpolarized capacitor"/>
      <property name="Farnell" value="https://be.farnell.com/en-BE/kemet/c0805x104j5rac3316/cap-0-1-f-50v-5-x7r-0805/dp/2666904?st=100n%20smd%20cap%200805"/>
      <property name="Sheetname" value=""/>
      <property name="Sheetfile" value="universal12Vsupply.kicad_sch"/>
      <property name="ki_description" value="Unpolarized capacitor"/>
      <property name="ki_keywords" value="cap capacitor"/>
      <sheetpath names="/" tstamps="/"/>
      <tstamps>37d461ad-4202-4df7-93bf-eecb71537ba3</tstamps>
    </comp>
    <comp ref="Cboot2">
      <value>100n</value>
      <footprint>Capacitor_SMD:C_0805_2012Metric_Pad1.18x1.45mm_HandSolder</footprint>
      <fields>
        <field name="Farnell">https://be.farnell.com/en-BE/kemet/c0805x104j5rac3316/cap-0-1-f-50v-5-x7r-0805/dp/2666904?st=100n%20smd%20cap%200805</field>
      </fields>
      <libsource lib="Device" part="C" description="Unpolarized capacitor"/>
      <property name="Farnell" value="https://be.farnell.com/en-BE/kemet/c0805x104j5rac3316/cap-0-1-f-50v-5-x7r-0805/dp/2666904?st=100n%20smd%20cap%200805"/>
      <property name="Sheetname" value=""/>
      <property name="Sheetfile" value="universal12Vsupply.kicad_sch"/>
      <property name="ki_description" value="Unpolarized capacitor"/>
      <property name="ki_keywords" value="cap capacitor"/>
      <sheetpath names="/" tstamps="/"/>
      <tstamps>65b5f154-8f95-4fc6-97a5-d35541fcdda3</tstamps>
    </comp>
    <comp ref="Cbulk1">
      <value>68u</value>
      <footprint>Capacitor_SMD:CP_Elec_10x10.5</footprint>
      <fields>
        <field name="Farnell">https://be.farnell.com/en-BE/panasonic/eehzt1j680p/cap-68uf-63v-alu-elec-hybrid-smd/dp/3584428?st=68u%20smd%20cap</field>
      </fields>
      <libsource lib="Device" part="C_Polarized" description="Polarized capacitor"/>
      <property name="Farnell" value="https://be.farnell.com/en-BE/panasonic/eehzt1j680p/cap-68uf-63v-alu-elec-hybrid-smd/dp/3584428?st=68u%20smd%20cap"/>
      <property name="Sheetname" value=""/>
      <property name="Sheetfile" value="universal12Vsupply.kicad_sch"/>
      <property name="ki_description" value="Polarized capacitor"/>
      <property name="ki_keywords" value="cap capacitor"/>
      <sheetpath names="/" tstamps="/"/>
      <tstamps>765657c9-a397-4a9d-9a61-0392145fdd10</tstamps>
    </comp>
    <comp ref="Cc1">
      <value>15n</value>
      <footprint>Capacitor_SMD:C_0603_1608Metric_Pad1.08x0.95mm_HandSolder</footprint>
      <fields>
        <field name="Farnell">https://be.farnell.com/en-BE/multicomp/mc0603b153j500ct/cap-0-015-f-50v-5-x7r-0603/dp/2320805?st=15n%20smd%20cap%200603</field>
      </fields>
      <libsource lib="Device" part="C" description="Unpolarized capacitor"/>
      <property name="Farnell" value="https://be.farnell.com/en-BE/multicomp/mc0603b153j500ct/cap-0-015-f-50v-5-x7r-0603/dp/2320805?st=15n%20smd%20cap%200603"/>
      <property name="Sheetname" value=""/>
      <property name="Sheetfile" value="universal12Vsupply.kicad_sch"/>
      <property name="ki_description" value="Unpolarized capacitor"/>
      <property name="ki_keywords" value="cap capacitor"/>
      <sheetpath names="/" tstamps="/"/>
      <tstamps>2b92fb01-3ec9-4a13-af84-2ad22192e187</tstamps>
    </comp>
    <comp ref="Cc2">
      <value>62p</value>
      <footprint>Capacitor_SMD:C_0603_1608Metric_Pad1.08x0.95mm_HandSolder</footprint>
      <fields>
        <field name="Farnell">https://be.farnell.com/en-BE/kemet/c0603c620j5gactu/cap-62pf-50v-5-c0g-np0-0603/dp/1865482?st=62p%20smd%20cap%200603</field>
      </fields>
      <libsource lib="Device" part="C" description="Unpolarized capacitor"/>
      <property name="Farnell" value="https://be.farnell.com/en-BE/kemet/c0603c620j5gactu/cap-62pf-50v-5-c0g-np0-0603/dp/1865482?st=62p%20smd%20cap%200603"/>
      <property name="Sheetname" value=""/>
      <property name="Sheetfile" value="universal12Vsupply.kicad_sch"/>
      <property name="ki_description" value="Unpolarized capacitor"/>
      <property name="ki_keywords" value="cap capacitor"/>
      <sheetpath names="/" tstamps="/"/>
      <tstamps>ed475196-953b-479e-9c26-266e0a6fffdb</tstamps>
    </comp>
    <comp ref="Cin1">
      <value>10u</value>
      <footprint>Capacitor_SMD:CP_Elec_5x5.4</footprint>
      <fields>
        <field name="Farnell">https://be.farnell.com/en-BE/kemet/exv106m035a9daa/cap-10-f-35v-radial-smd/dp/2069187?st=10u%20smd%20cap</field>
      </fields>
      <libsource lib="Device" part="C_Polarized" description="Polarized capacitor"/>
      <property name="Farnell" value="https://be.farnell.com/en-BE/kemet/exv106m035a9daa/cap-10-f-35v-radial-smd/dp/2069187?st=10u%20smd%20cap"/>
      <property name="Sheetname" value=""/>
      <property name="Sheetfile" value="universal12Vsupply.kicad_sch"/>
      <property name="ki_description" value="Polarized capacitor"/>
      <property name="ki_keywords" value="cap capacitor"/>
      <sheetpath names="/" tstamps="/"/>
      <tstamps>47cf22ad-0898-4094-ba1d-3b05816ecd56</tstamps>
    </comp>
    <comp ref="Cslope1">
      <value>100p</value>
      <footprint>Capacitor_SMD:C_0603_1608Metric_Pad1.08x0.95mm_HandSolder</footprint>
      <fields>
        <field name="Farnell">https://be.farnell.com/en-BE/kemet/c0603x101f5gacauto/cap-100pf-50v-1-c0g-np0-0603/dp/2904893?st=13n%20smd%20cap%200603</field>
      </fields>
      <libsource lib="Device" part="C" description="Unpolarized capacitor"/>
      <property name="Farnell" value="https://be.farnell.com/en-BE/kemet/c0603x101f5gacauto/cap-100pf-50v-1-c0g-np0-0603/dp/2904893?st=13n%20smd%20cap%200603"/>
      <property name="Sheetname" value=""/>
      <property name="Sheetfile" value="universal12Vsupply.kicad_sch"/>
      <property name="ki_description" value="Unpolarized capacitor"/>
      <property name="ki_keywords" value="cap capacitor"/>
      <sheetpath names="/" tstamps="/"/>
      <tstamps>0c7c6614-a502-4630-860f-80c12616ee24</tstamps>
    </comp>
    <comp ref="Css1">
      <value>120n</value>
      <footprint>Capacitor_SMD:C_0603_1608Metric_Pad1.08x0.95mm_HandSolder</footprint>
      <fields>
        <field name="Farnell">https://be.farnell.com/en-BE/kemet/c0603c124k8ractu/cap-0-12-f-10v-10-x7r-0603/dp/2821085?st=120n%20smd%20cap</field>
      </fields>
      <libsource lib="Device" part="C" description="Unpolarized capacitor"/>
      <property name="Farnell" value="https://be.farnell.com/en-BE/kemet/c0603c124k8ractu/cap-0-12-f-10v-10-x7r-0603/dp/2821085?st=120n%20smd%20cap"/>
      <property name="Sheetname" value=""/>
      <property name="Sheetfile" value="universal12Vsupply.kicad_sch"/>
      <property name="ki_description" value="Unpolarized capacitor"/>
      <property name="ki_keywords" value="cap capacitor"/>
      <sheetpath names="/" tstamps="/"/>
      <tstamps>b60a2b67-a534-463e-8e20-d66e0de27795</tstamps>
    </comp>
    <comp ref="D1">
      <value>SS24</value>
      <footprint>Diode_SMD:D_SMB_Handsoldering</footprint>
      <fields>
        <field name="Farnell">https://be.farnell.com/en-BE/multicomp/ss24/schottky-rectifier-2a-40v-do-214aa/dp/2675138?MER=sy-me-pd-mi-alte</field>
      </fields>
      <libsource lib="Device" part="D_Schottky" description="Schottky diode"/>
      <property name="Farnell" value="https://be.farnell.com/en-BE/multicomp/ss24/schottky-rectifier-2a-40v-do-214aa/dp/2675138?MER=sy-me-pd-mi-alte"/>
      <property name="Sheetname" value=""/>
      <property name="Sheetfile" value="universal12Vsupply.kicad_sch"/>
      <property name="ki_description" value="Schottky diode"/>
      <property name="ki_keywords" value="diode Schottky"/>
      <sheetpath names="/" tstamps="/"/>
      <tstamps>66077037-4b30-49b7-9c8d-6f5d3f66e317</tstamps>
    </comp>
    <comp ref="D2">
      <value>SS24</value>
      <footprint>Diode_SMD:D_SMB_Handsoldering</footprint>
      <fields>
        <field name="Farnell">https://be.farnell.com/en-BE/multicomp/ss24/schottky-rectifier-2a-40v-do-214aa/dp/2675138?MER=sy-me-pd-mi-alte</field>
      </fields>
      <libsource lib="Device" part="D_Schottky" description="Schottky diode"/>
      <property name="Farnell" value="https://be.farnell.com/en-BE/multicomp/ss24/schottky-rectifier-2a-40v-do-214aa/dp/2675138?MER=sy-me-pd-mi-alte"/>
      <property name="Sheetname" value=""/>
      <property name="Sheetfile" value="universal12Vsupply.kicad_sch"/>
      <property name="ki_description" value="Schottky diode"/>
      <property name="ki_keywords" value="diode Schottky"/>
      <sheetpath names="/" tstamps="/"/>
      <tstamps>d5612922-0b57-41d7-ae39-d4bd0dbcea91</tstamps>
    </comp>
    <comp ref="D3">
      <value>SS24</value>
      <footprint>Diode_SMD:D_SMB_Handsoldering</footprint>
      <fields>
        <field name="Farnell">https://be.farnell.com/en-BE/multicomp/ss24/schottky-rectifier-2a-40v-do-214aa/dp/2675138?MER=sy-me-pd-mi-alte</field>
      </fields>
      <libsource lib="Device" part="D_Schottky" description="Schottky diode"/>
      <property name="Farnell" value="https://be.farnell.com/en-BE/multicomp/ss24/schottky-rectifier-2a-40v-do-214aa/dp/2675138?MER=sy-me-pd-mi-alte"/>
      <property name="Sheetname" value=""/>
      <property name="Sheetfile" value="universal12Vsupply.kicad_sch"/>
      <property name="ki_description" value="Schottky diode"/>
      <property name="ki_keywords" value="diode Schottky"/>
      <sheetpath names="/" tstamps="/"/>
      <tstamps>6de4201d-031b-44f3-94ec-2bbefe06ec71</tstamps>
    </comp>
    <comp ref="Dboot1">
      <value>SS24</value>
      <footprint>Diode_SMD:D_SMB_Handsoldering</footprint>
      <fields>
        <field name="Farnell">https://be.farnell.com/en-BE/multicomp/ss24/schottky-rectifier-2a-40v-do-214aa/dp/2675138?MER=sy-me-pd-mi-alte</field>
      </fields>
      <libsource lib="Device" part="D_Schottky" description="Schottky diode"/>
      <property name="Farnell" value="https://be.farnell.com/en-BE/multicomp/ss24/schottky-rectifier-2a-40v-do-214aa/dp/2675138?MER=sy-me-pd-mi-alte"/>
      <property name="Sheetname" value=""/>
      <property name="Sheetfile" value="universal12Vsupply.kicad_sch"/>
      <property name="ki_description" value="Schottky diode"/>
      <property name="ki_keywords" value="diode Schottky"/>
      <sheetpath names="/" tstamps="/"/>
      <tstamps>49c21638-58b6-4ccb-a805-83c21cf24aa9</tstamps>
    </comp>
    <comp ref="Dboot2">
      <value>SS24</value>
      <footprint>Diode_SMD:D_SMB_Handsoldering</footprint>
      <fields>
        <field name="Farnell">https://be.farnell.com/en-BE/multicomp/ss24/schottky-rectifier-2a-40v-do-214aa/dp/2675138?MER=sy-me-pd-mi-alte</field>
      </fields>
      <libsource lib="Device" part="D_Schottky" description="Schottky diode"/>
      <property name="Farnell" value="https://be.farnell.com/en-BE/multicomp/ss24/schottky-rectifier-2a-40v-do-214aa/dp/2675138?MER=sy-me-pd-mi-alte"/>
      <property name="Sheetname" value=""/>
      <property name="Sheetfile" value="universal12Vsupply.kicad_sch"/>
      <property name="ki_description" value="Schottky diode"/>
      <property name="ki_keywords" value="diode Schottky"/>
      <sheetpath names="/" tstamps="/"/>
      <tstamps>9474ea6f-1850-4259-8d1b-a0fd58740b77</tstamps>
    </comp>
    <comp ref="H1">
      <value>MountingHole_Pad</value>
      <footprint>MountingHole:MountingHole_4.3mm_M4_Pad_Via</footprint>
      <libsource lib="Mechanical" part="MountingHole_Pad" description="Mounting Hole with connection"/>
      <property name="Sheetname" value=""/>
      <property name="Sheetfile" value="universal12Vsupply.kicad_sch"/>
      <property name="ki_description" value="Mounting Hole with connection"/>
      <property name="ki_keywords" value="mounting hole"/>
      <sheetpath names="/" tstamps="/"/>
      <tstamps>4aff8990-9e71-4297-8bcd-5ba1368ac5b1</tstamps>
    </comp>
    <comp ref="H2">
      <value>MountingHole_Pad</value>
      <footprint>MountingHole:MountingHole_4.3mm_M4_Pad_Via</footprint>
      <libsource lib="Mechanical" part="MountingHole_Pad" description="Mounting Hole with connection"/>
      <property name="Sheetname" value=""/>
      <property name="Sheetfile" value="universal12Vsupply.kicad_sch"/>
      <property name="ki_description" value="Mounting Hole with connection"/>
      <property name="ki_keywords" value="mounting hole"/>
      <sheetpath names="/" tstamps="/"/>
      <tstamps>23167001-fb6a-44f5-92f0-1eca9e42aaff</tstamps>
    </comp>
    <comp ref="H3">
      <value>MountingHole_Pad</value>
      <footprint>MountingHole:MountingHole_4.3mm_M4_Pad_Via</footprint>
      <libsource lib="Mechanical" part="MountingHole_Pad" description="Mounting Hole with connection"/>
      <property name="Sheetname" value=""/>
      <property name="Sheetfile" value="universal12Vsupply.kicad_sch"/>
      <property name="ki_description" value="Mounting Hole with connection"/>
      <property name="ki_keywords" value="mounting hole"/>
      <sheetpath names="/" tstamps="/"/>
      <tstamps>4c7ef802-134b-49a6-8e02-964bbcc1438d</tstamps>
    </comp>
    <comp ref="H4">
      <value>MountingHole_Pad</value>
      <footprint>MountingHole:MountingHole_4.3mm_M4_Pad_Via</footprint>
      <libsource lib="Mechanical" part="MountingHole_Pad" description="Mounting Hole with connection"/>
      <property name="Sheetname" value=""/>
      <property name="Sheetfile" value="universal12Vsupply.kicad_sch"/>
      <property name="ki_description" value="Mounting Hole with connection"/>
      <property name="ki_keywords" value="mounting hole"/>
      <sheetpath names="/" tstamps="/"/>
      <tstamps>7c76dce9-4549-48c8-8a30-1aac649eef92</tstamps>
    </comp>
    <comp ref="J1">
      <value>Screw_Terminal_01x04</value>
      <footprint>TerminalBlock:TerminalBlock_bornier-4_P5.08mm</footprint>
      <libsource lib="Connector" part="Screw_Terminal_01x04" description="Generic screw terminal, single row, 01x04, script generated (kicad-library-utils/schlib/autogen/connector/)"/>
      <property name="Sheetname" value=""/>
      <property name="Sheetfile" value="universal12Vsupply.kicad_sch"/>
      <property name="ki_description" value="Generic screw terminal, single row, 01x04, script generated (kicad-library-utils/schlib/autogen/connector/)"/>
      <property name="ki_keywords" value="screw terminal"/>
      <sheetpath names="/" tstamps="/"/>
      <tstamps>b05d85f9-2044-4a56-8e25-385e58e4a049</tstamps>
    </comp>
    <comp ref="J2">
      <value>Screw_Terminal_01x02</value>
      <footprint>TerminalBlock:TerminalBlock_bornier-2_P5.08mm</footprint>
      <libsource lib="Connector" part="Screw_Terminal_01x02" description="Generic screw terminal, single row, 01x02, script generated (kicad-library-utils/schlib/autogen/connector/)"/>
      <property name="Sheetname" value=""/>
      <property name="Sheetfile" value="universal12Vsupply.kicad_sch"/>
      <property name="ki_description" value="Generic screw terminal, single row, 01x02, script generated (kicad-library-utils/schlib/autogen/connector/)"/>
      <property name="ki_keywords" value="screw terminal"/>
      <sheetpath names="/" tstamps="/"/>
      <tstamps>c0ab27a5-ccdd-4309-ae76-f0e63503797b</tstamps>
    </comp>
    <comp ref="L1">
      <value>4.7u</value>
      <footprint>Inductor_SMD:L_Coilcraft_XAL1010-XXX</footprint>
      <fields>
        <field name="Farnell">https://be.farnell.com/en-BE/coilcraft/xal1010-472med/inductor-4-7uh-24a-20-pwr-19mhz/dp/2289017</field>
      </fields>
      <libsource lib="Device" part="L" description="Inductor"/>
      <property name="Farnell" value="https://be.farnell.com/en-BE/coilcraft/xal1010-472med/inductor-4-7uh-24a-20-pwr-19mhz/dp/2289017"/>
      <property name="Sheetname" value=""/>
      <property name="Sheetfile" value="universal12Vsupply.kicad_sch"/>
      <property name="ki_description" value="Inductor"/>
      <property name="ki_keywords" value="inductor choke coil reactor magnetic"/>
      <sheetpath names="/" tstamps="/"/>
      <tstamps>2c8adcbe-8120-4745-a959-3f5353e0f30c</tstamps>
    </comp>
    <comp ref="QH1">
      <value>CSD18532Q5B</value>
      <footprint>Package_TO_SOT_SMD:TDSON-8-1</footprint>
      <datasheet>http://www.ti.com/lit/gpn/csd18532q5b</datasheet>
      <fields>
        <field name="Farnell">https://be.farnell.com/en-BE/texas-instruments/csd18532q5b/mosfet-n-ch-60v-100a-vson-8/dp/3009663?st=CSD18532Q5B</field>
      </fields>
      <libsource lib="Transistor_FET" part="CSD18532Q5B" description="100A Id, 60V Vds, NexFET N-Channel Power MOSFET, 3.2mOhm Ron, 44nC Qg(typ), SON8 5x6mm"/>
      <property name="Farnell" value="https://be.farnell.com/en-BE/texas-instruments/csd18532q5b/mosfet-n-ch-60v-100a-vson-8/dp/3009663?st=CSD18532Q5B"/>
      <property name="Sheetname" value=""/>
      <property name="Sheetfile" value="universal12Vsupply.kicad_sch"/>
      <property name="ki_description" value="100A Id, 60V Vds, NexFET N-Channel Power MOSFET, 3.2mOhm Ron, 44nC Qg(typ), SON8 5x6mm"/>
      <property name="ki_keywords" value="NexFET Power MOSFET N-MOS"/>
      <sheetpath names="/" tstamps="/"/>
      <tstamps>6f1a3e15-8194-4e98-a2f7-defaeb80e758</tstamps>
    </comp>
    <comp ref="QH2">
      <value>CSD18532Q5B</value>
      <footprint>Package_TO_SOT_SMD:TDSON-8-1</footprint>
      <datasheet>http://www.ti.com/lit/gpn/csd18532q5b</datasheet>
      <fields>
        <field name="Farnell">https://be.farnell.com/en-BE/texas-instruments/csd18532q5b/mosfet-n-ch-60v-100a-vson-8/dp/3009663?st=CSD18532Q5B</field>
      </fields>
      <libsource lib="Transistor_FET" part="CSD18532Q5B" description="100A Id, 60V Vds, NexFET N-Channel Power MOSFET, 3.2mOhm Ron, 44nC Qg(typ), SON8 5x6mm"/>
      <property name="Farnell" value="https://be.farnell.com/en-BE/texas-instruments/csd18532q5b/mosfet-n-ch-60v-100a-vson-8/dp/3009663?st=CSD18532Q5B"/>
      <property name="Sheetname" value=""/>
      <property name="Sheetfile" value="universal12Vsupply.kicad_sch"/>
      <property name="ki_description" value="100A Id, 60V Vds, NexFET N-Channel Power MOSFET, 3.2mOhm Ron, 44nC Qg(typ), SON8 5x6mm"/>
      <property name="ki_keywords" value="NexFET Power MOSFET N-MOS"/>
      <sheetpath names="/" tstamps="/"/>
      <tstamps>5b0419d8-a2ea-4a8e-81d5-4ca2a3caf6e4</tstamps>
    </comp>
    <comp ref="QL1">
      <value>CSD18532Q5B</value>
      <footprint>Package_TO_SOT_SMD:TDSON-8-1</footprint>
      <datasheet>http://www.ti.com/lit/gpn/csd18532q5b</datasheet>
      <fields>
        <field name="Farnell">https://be.farnell.com/en-BE/texas-instruments/csd18532q5b/mosfet-n-ch-60v-100a-vson-8/dp/3009663?st=CSD18532Q5B</field>
      </fields>
      <libsource lib="Transistor_FET" part="CSD18532Q5B" description="100A Id, 60V Vds, NexFET N-Channel Power MOSFET, 3.2mOhm Ron, 44nC Qg(typ), SON8 5x6mm"/>
      <property name="Farnell" value="https://be.farnell.com/en-BE/texas-instruments/csd18532q5b/mosfet-n-ch-60v-100a-vson-8/dp/3009663?st=CSD18532Q5B"/>
      <property name="Sheetname" value=""/>
      <property name="Sheetfile" value="universal12Vsupply.kicad_sch"/>
      <property name="ki_description" value="100A Id, 60V Vds, NexFET N-Channel Power MOSFET, 3.2mOhm Ron, 44nC Qg(typ), SON8 5x6mm"/>
      <property name="ki_keywords" value="NexFET Power MOSFET N-MOS"/>
      <sheetpath names="/" tstamps="/"/>
      <tstamps>276f0e07-b0b1-4da5-9b42-9a6f9a9ac98a</tstamps>
    </comp>
    <comp ref="QL2">
      <value>CSD18532Q5B</value>
      <footprint>Package_TO_SOT_SMD:TDSON-8-1</footprint>
      <datasheet>http://www.ti.com/lit/gpn/csd18532q5b</datasheet>
      <fields>
        <field name="Farnell">https://be.farnell.com/en-BE/texas-instruments/csd18532q5b/mosfet-n-ch-60v-100a-vson-8/dp/3009663?st=CSD18532Q5B</field>
      </fields>
      <libsource lib="Transistor_FET" part="CSD18532Q5B" description="100A Id, 60V Vds, NexFET N-Channel Power MOSFET, 3.2mOhm Ron, 44nC Qg(typ), SON8 5x6mm"/>
      <property name="Farnell" value="https://be.farnell.com/en-BE/texas-instruments/csd18532q5b/mosfet-n-ch-60v-100a-vson-8/dp/3009663?st=CSD18532Q5B"/>
      <property name="Sheetname" value=""/>
      <property name="Sheetfile" value="universal12Vsupply.kicad_sch"/>
      <property name="ki_description" value="100A Id, 60V Vds, NexFET N-Channel Power MOSFET, 3.2mOhm Ron, 44nC Qg(typ), SON8 5x6mm"/>
      <property name="ki_keywords" value="NexFET Power MOSFET N-MOS"/>
      <sheetpath names="/" tstamps="/"/>
      <tstamps>38d2ef66-25b1-492a-b761-00812d9a0d39</tstamps>
    </comp>
    <comp ref="R1">
      <value>10</value>
      <footprint>Resistor_SMD:R_0603_1608Metric_Pad0.98x0.95mm_HandSolder</footprint>
      <fields>
        <field name="Farnell">https://be.farnell.com/en-BE/rohm/ktr03ezpf10r0/res-10r-1-0-1w-0603-thick-film/dp/2919225?st=10r+resistor+0603</field>
      </fields>
      <libsource lib="Device" part="R" description="Resistor"/>
      <property name="Farnell" value="https://be.farnell.com/en-BE/rohm/ktr03ezpf10r0/res-10r-1-0-1w-0603-thick-film/dp/2919225?st=10r+resistor+0603"/>
      <property name="Sheetname" value=""/>
      <property name="Sheetfile" value="universal12Vsupply.kicad_sch"/>
      <property name="ki_description" value="Resistor"/>
      <property name="ki_keywords" value="R res resistor"/>
      <sheetpath names="/" tstamps="/"/>
      <tstamps>263192a9-44a5-4064-9342-7c66a00672a8</tstamps>
    </comp>
    <comp ref="R2">
      <value>249k</value>
      <footprint>Resistor_SMD:R_0603_1608Metric_Pad0.98x0.95mm_HandSolder</footprint>
      <fields>
        <field name="Farnell">https://be.farnell.com/en-BE/panasonic/erjpa3f2493v/res-249k-1-thick-film/dp/2561907?st=249k%20resistor+0603</field>
      </fields>
      <libsource lib="Device" part="R" description="Resistor"/>
      <property name="Farnell" value="https://be.farnell.com/en-BE/panasonic/erjpa3f2493v/res-249k-1-thick-film/dp/2561907?st=249k%20resistor+0603"/>
      <property name="Sheetname" value=""/>
      <property name="Sheetfile" value="universal12Vsupply.kicad_sch"/>
      <property name="ki_description" value="Resistor"/>
      <property name="ki_keywords" value="R res resistor"/>
      <sheetpath names="/" tstamps="/"/>
      <tstamps>a2d29718-20e7-4ab5-97ca-68a181728a96</tstamps>
    </comp>
    <comp ref="R3">
      <value>59k</value>
      <footprint>Resistor_SMD:R_0603_1608Metric_Pad0.98x0.95mm_HandSolder</footprint>
      <fields>
        <field name="Farnell">https://be.farnell.com/en-BE/panasonic/erjpa3f5902v/res-59k-1-thick-film/dp/2562106?st=59k%20resistor%200603</field>
      </fields>
      <libsource lib="Device" part="R" description="Resistor"/>
      <property name="Farnell" value="https://be.farnell.com/en-BE/panasonic/erjpa3f5902v/res-59k-1-thick-film/dp/2562106?st=59k%20resistor%200603"/>
      <property name="Sheetname" value=""/>
      <property name="Sheetfile" value="universal12Vsupply.kicad_sch"/>
      <property name="ki_description" value="Resistor"/>
      <property name="ki_keywords" value="R res resistor"/>
      <sheetpath names="/" tstamps="/"/>
      <tstamps>7aa19ef2-935c-476b-a2a7-4394f9e9e7ea</tstamps>
    </comp>
    <comp ref="R4">
      <value>100</value>
      <footprint>Resistor_SMD:R_0603_1608Metric_Pad0.98x0.95mm_HandSolder</footprint>
      <fields>
        <field name="Farnell">https://be.farnell.com/en-BE/vishay/rca0603100rfkea/res-100r-1-0603-thick-film/dp/2616583?st=100r%20smd%20resistor%200603</field>
      </fields>
      <libsource lib="Device" part="R" description="Resistor"/>
      <property name="Farnell" value="https://be.farnell.com/en-BE/vishay/rca0603100rfkea/res-100r-1-0603-thick-film/dp/2616583?st=100r%20smd%20resistor%200603"/>
      <property name="Sheetname" value=""/>
      <property name="Sheetfile" value="universal12Vsupply.kicad_sch"/>
      <property name="ki_description" value="Resistor"/>
      <property name="ki_keywords" value="R res resistor"/>
      <sheetpath names="/" tstamps="/"/>
      <tstamps>d7d2b70a-72a7-47e3-af6f-3d389af18696</tstamps>
    </comp>
    <comp ref="R5">
      <value>100</value>
      <footprint>Resistor_SMD:R_0603_1608Metric_Pad0.98x0.95mm_HandSolder</footprint>
      <fields>
        <field name="Farnell">https://be.farnell.com/en-BE/vishay/rca0603100rfkea/res-100r-1-0603-thick-film/dp/2616583?st=100r%20smd%20resistor%200603</field>
      </fields>
      <libsource lib="Device" part="R" description="Resistor"/>
      <property name="Farnell" value="https://be.farnell.com/en-BE/vishay/rca0603100rfkea/res-100r-1-0603-thick-film/dp/2616583?st=100r%20smd%20resistor%200603"/>
      <property name="Sheetname" value=""/>
      <property name="Sheetfile" value="universal12Vsupply.kicad_sch"/>
      <property name="ki_description" value="Resistor"/>
      <property name="ki_keywords" value="R res resistor"/>
      <sheetpath names="/" tstamps="/"/>
      <tstamps>f9d07ff8-3d43-40e0-b850-d0932ebf671c</tstamps>
    </comp>
    <comp ref="Rc1">
      <value>68k</value>
      <footprint>Resistor_SMD:R_0603_1608Metric_Pad0.98x0.95mm_HandSolder</footprint>
      <fields>
        <field name="Farnell">https://be.farnell.com/en-BE/te-connectivity/crgcq0603f68k/res-68k-1-0603-thick-film/dp/2861483?st=68k%20resistor%200603</field>
      </fields>
      <libsource lib="Device" part="R" description="Resistor"/>
      <property name="Farnell" value="https://be.farnell.com/en-BE/te-connectivity/crgcq0603f68k/res-68k-1-0603-thick-film/dp/2861483?st=68k%20resistor%200603"/>
      <property name="Sheetname" value=""/>
      <property name="Sheetfile" value="universal12Vsupply.kicad_sch"/>
      <property name="ki_description" value="Resistor"/>
      <property name="ki_keywords" value="R res resistor"/>
      <sheetpath names="/" tstamps="/"/>
      <tstamps>db5ecf53-3d7a-45b1-a2fa-bca6f88ecdd1</tstamps>
    </comp>
    <comp ref="RFB1">
      <value>7.5k</value>
      <footprint>Resistor_SMD:R_0603_1608Metric_Pad0.98x0.95mm_HandSolder</footprint>
      <fields>
        <field name="Farnell">https://be.farnell.com/en-BE/multicomp-pro/mcsr06x7501ftl/res-7k5-1-0-1w-0603-thick-film/dp/2074303?st=7.5k%20resistor%200603</field>
      </fields>
      <libsource lib="Device" part="R" description="Resistor"/>
      <property name="Farnell" value="https://be.farnell.com/en-BE/multicomp-pro/mcsr06x7501ftl/res-7k5-1-0-1w-0603-thick-film/dp/2074303?st=7.5k%20resistor%200603"/>
      <property name="Sheetname" value=""/>
      <property name="Sheetfile" value="universal12Vsupply.kicad_sch"/>
      <property name="ki_description" value="Resistor"/>
      <property name="ki_keywords" value="R res resistor"/>
      <sheetpath names="/" tstamps="/"/>
      <tstamps>c1de37dc-7568-4530-b5d5-2bf2490b1ca6</tstamps>
    </comp>
    <comp ref="RFB2">
      <value>105k</value>
      <footprint>Resistor_SMD:R_0603_1608Metric_Pad0.98x0.95mm_HandSolder</footprint>
      <fields>
        <field name="Farnell">https://be.farnell.com/en-BE/panasonic/erjpa3f1053v/res-105k-1-thick-film/dp/2561729RL?st=105k%20resistor%200603</field>
      </fields>
      <libsource lib="Device" part="R" description="Resistor"/>
      <property name="Farnell" value="https://be.farnell.com/en-BE/panasonic/erjpa3f1053v/res-105k-1-thick-film/dp/2561729RL?st=105k%20resistor%200603"/>
      <property name="Sheetname" value=""/>
      <property name="Sheetfile" value="universal12Vsupply.kicad_sch"/>
      <property name="ki_description" value="Resistor"/>
      <property name="ki_keywords" value="R res resistor"/>
      <sheetpath names="/" tstamps="/"/>
      <tstamps>4af0a499-56cd-4a16-a8b4-5182cb658258</tstamps>
    </comp>
    <comp ref="Rmode1">
      <value>93.1k</value>
      <footprint>Resistor_SMD:R_0603_1608Metric_Pad0.98x0.95mm_HandSolder</footprint>
      <fields>
        <field name="Farnell">https://be.farnell.com/en-BE/panasonic/erjpa3f9312v/res-93k1-1-thick-film/dp/2562207RL?st=93.1k%20resistor%200603</field>
      </fields>
      <libsource lib="Device" part="R" description="Resistor"/>
      <property name="Farnell" value="https://be.farnell.com/en-BE/panasonic/erjpa3f9312v/res-93k1-1-thick-film/dp/2562207RL?st=93.1k%20resistor%200603"/>
      <property name="Sheetname" value=""/>
      <property name="Sheetfile" value="universal12Vsupply.kicad_sch"/>
      <property name="ki_description" value="Resistor"/>
      <property name="ki_keywords" value="R res resistor"/>
      <sheetpath names="/" tstamps="/"/>
      <tstamps>e38f9aff-74c2-4cfa-b8a2-0120283d402b</tstamps>
    </comp>
    <comp ref="Rpg1">
      <value>10k</value>
      <footprint>Resistor_SMD:R_0603_1608Metric_Pad0.98x0.95mm_HandSolder</footprint>
      <fields>
        <field name="Farnell">https://be.farnell.com/en-BE/vishay/rca060310k0fkea/res-10k-1-0603-thick-film/dp/2616584?st=10k%20resistor%200603</field>
      </fields>
      <libsource lib="Device" part="R" description="Resistor"/>
      <property name="Farnell" value="https://be.farnell.com/en-BE/vishay/rca060310k0fkea/res-10k-1-0603-thick-film/dp/2616584?st=10k%20resistor%200603"/>
      <property name="Sheetname" value=""/>
      <property name="Sheetfile" value="universal12Vsupply.kicad_sch"/>
      <property name="ki_description" value="Resistor"/>
      <property name="ki_keywords" value="R res resistor"/>
      <sheetpath names="/" tstamps="/"/>
      <tstamps>60e03c31-9e3d-4dce-b51c-55e453f349de</tstamps>
    </comp>
    <comp ref="Rsense1">
      <value>18m</value>
      <footprint>Resistor_SMD:R_2512_6332Metric_Pad1.40x3.35mm_HandSolder</footprint>
      <fields>
        <field name="Farnell">https://be.farnell.com/en-BE/multicomp/mchvr12ftft1805/res-thick-film-18m-1-1w-2512/dp/2826912?st=18m%20smd%20resistor</field>
      </fields>
      <libsource lib="Device" part="R" description="Resistor"/>
      <property name="Farnell" value="https://be.farnell.com/en-BE/multicomp/mchvr12ftft1805/res-thick-film-18m-1-1w-2512/dp/2826912?st=18m%20smd%20resistor"/>
      <property name="Sheetname" value=""/>
      <property name="Sheetfile" value="universal12Vsupply.kicad_sch"/>
      <property name="ki_description" value="Resistor"/>
      <property name="ki_keywords" value="R res resistor"/>
      <sheetpath names="/" tstamps="/"/>
      <tstamps>4e526cde-a8ad-4033-a507-b4c9e58b94cb</tstamps>
    </comp>
    <comp ref="RT1">
      <value>27.4k</value>
      <footprint>Resistor_SMD:R_0603_1608Metric_Pad0.98x0.95mm_HandSolder</footprint>
      <fields>
        <field name="Farnell">https://be.farnell.com/en-BE/panasonic/erjpa3f2742v/res-27k4-1-thick-film/dp/2561929?st=27.4k%20resistor%200603</field>
      </fields>
      <libsource lib="Device" part="R" description="Resistor"/>
      <property name="Farnell" value="https://be.farnell.com/en-BE/panasonic/erjpa3f2742v/res-27k4-1-thick-film/dp/2561929?st=27.4k%20resistor%200603"/>
      <property name="Sheetname" value=""/>
      <property name="Sheetfile" value="universal12Vsupply.kicad_sch"/>
      <property name="ki_description" value="Resistor"/>
      <property name="ki_keywords" value="R res resistor"/>
      <sheetpath names="/" tstamps="/"/>
      <tstamps>d6059c2d-ab60-4789-af2f-ca4678254f30</tstamps>
    </comp>
    <comp ref="TP1">
      <value>TestPoint</value>
      <footprint>TerminalBlock:TerminalBlock_bornier-4_P5.08mm</footprint>
      <libsource lib="Connector" part="TestPoint" description="test point"/>
      <property name="Sheetname" value=""/>
      <property name="Sheetfile" value="universal12Vsupply.kicad_sch"/>
      <property name="ki_description" value="test point"/>
      <property name="ki_keywords" value="test point tp"/>
      <sheetpath names="/" tstamps="/"/>
      <tstamps>a96d0cb2-517c-400b-8cd4-9cd23b750eb4</tstamps>
    </comp>
    <comp ref="TP2">
      <value>TestPoint</value>
      <libsource lib="Connector" part="TestPoint" description="test point"/>
      <property name="Sheetname" value=""/>
      <property name="Sheetfile" value="universal12Vsupply.kicad_sch"/>
      <property name="ki_description" value="test point"/>
      <property name="ki_keywords" value="test point tp"/>
      <sheetpath names="/" tstamps="/"/>
      <tstamps>669b2dd2-a9f2-4b85-87ca-294315e465c3</tstamps>
    </comp>
    <comp ref="TP3">
      <value>TestPoint</value>
      <libsource lib="Connector" part="TestPoint" description="test point"/>
      <property name="Sheetname" value=""/>
      <property name="Sheetfile" value="universal12Vsupply.kicad_sch"/>
      <property name="ki_description" value="test point"/>
      <property name="ki_keywords" value="test point tp"/>
      <sheetpath names="/" tstamps="/"/>
      <tstamps>d765c486-3304-4e39-a7c8-a6f44863b62e</tstamps>
    </comp>
    <comp ref="TP4">
      <value>TestPoint</value>
      <libsource lib="Connector" part="TestPoint" description="test point"/>
      <property name="Sheetname" value=""/>
      <property name="Sheetfile" value="universal12Vsupply.kicad_sch"/>
      <property name="ki_description" value="test point"/>
      <property name="ki_keywords" value="test point tp"/>
      <sheetpath names="/" tstamps="/"/>
      <tstamps>53e036e5-5c7a-457c-9bed-06a8377d8a19</tstamps>
    </comp>
    <comp ref="TP5">
      <value>TestPoint</value>
      <libsource lib="Connector" part="TestPoint" description="test point"/>
      <property name="Sheetname" value=""/>
      <property name="Sheetfile" value="universal12Vsupply.kicad_sch"/>
      <property name="ki_description" value="test point"/>
      <property name="ki_keywords" value="test point tp"/>
      <sheetpath names="/" tstamps="/"/>
      <tstamps>c86e8502-7f23-4baa-8f6a-a0e8673e106e</tstamps>
    </comp>
    <comp ref="TP6">
      <value>TestPoint</value>
      <libsource lib="Connector" part="TestPoint" description="test point"/>
      <property name="Sheetname" value=""/>
      <property name="Sheetfile" value="universal12Vsupply.kicad_sch"/>
      <property name="ki_description" value="test point"/>
      <property name="ki_keywords" value="test point tp"/>
      <sheetpath names="/" tstamps="/"/>
      <tstamps>d8bf7927-26de-4d00-b767-62a5bd7de072</tstamps>
    </comp>
    <comp ref="TP7">
      <value>TestPoint</value>
      <libsource lib="Connector" part="TestPoint" description="test point"/>
      <property name="Sheetname" value=""/>
      <property name="Sheetfile" value="universal12Vsupply.kicad_sch"/>
      <property name="ki_description" value="test point"/>
      <property name="ki_keywords" value="test point tp"/>
      <sheetpath names="/" tstamps="/"/>
      <tstamps>affadfe1-3e39-4da3-9578-3e4abed4c4ad</tstamps>
    </comp>
    <comp ref="TP8">
      <value>TestPoint</value>
      <libsource lib="Connector" part="TestPoint" description="test point"/>
      <property name="Sheetname" value=""/>
      <property name="Sheetfile" value="universal12Vsupply.kicad_sch"/>
      <property name="ki_description" value="test point"/>
      <property name="ki_keywords" value="test point tp"/>
      <sheetpath names="/" tstamps="/"/>
      <tstamps>a8a2cf09-e8b2-4dc4-83b0-98d8d94f2b86</tstamps>
    </comp>
    <comp ref="TP9">
      <value>TestPoint</value>
      <libsource lib="Connector" part="TestPoint" description="test point"/>
      <property name="Sheetname" value=""/>
      <property name="Sheetfile" value="universal12Vsupply.kicad_sch"/>
      <property name="ki_description" value="test point"/>
      <property name="ki_keywords" value="test point tp"/>
      <sheetpath names="/" tstamps="/"/>
      <tstamps>10d5b8c3-b121-41fd-af77-0a82c0e9961a</tstamps>
    </comp>
    <comp ref="TP10">
      <value>TestPoint</value>
      <libsource lib="Connector" part="TestPoint" description="test point"/>
      <property name="Sheetname" value=""/>
      <property name="Sheetfile" value="universal12Vsupply.kicad_sch"/>
      <property name="ki_description" value="test point"/>
      <property name="ki_keywords" value="test point tp"/>
      <sheetpath names="/" tstamps="/"/>
      <tstamps>cfb45251-57be-47bf-b4dd-c92f66ffe184</tstamps>
    </comp>
    <comp ref="TP11">
      <value>TestPoint</value>
      <libsource lib="Connector" part="TestPoint" description="test point"/>
      <property name="Sheetname" value=""/>
      <property name="Sheetfile" value="universal12Vsupply.kicad_sch"/>
      <property name="ki_description" value="test point"/>
      <property name="ki_keywords" value="test point tp"/>
      <sheetpath names="/" tstamps="/"/>
      <tstamps>148bd373-43fa-40a2-b0be-915c7f353533</tstamps>
    </comp>
    <comp ref="TP12">
      <value>TestPoint</value>
      <libsource lib="Connector" part="TestPoint" description="test point"/>
      <property name="Sheetname" value=""/>
      <property name="Sheetfile" value="universal12Vsupply.kicad_sch"/>
      <property name="ki_description" value="test point"/>
      <property name="ki_keywords" value="test point tp"/>
      <sheetpath names="/" tstamps="/"/>
      <tstamps>60c84e21-ff30-4859-9374-f74441fc6244</tstamps>
    </comp>
    <comp ref="TP13">
      <value>TestPoint</value>
      <libsource lib="Connector" part="TestPoint" description="test point"/>
      <property name="Sheetname" value=""/>
      <property name="Sheetfile" value="universal12Vsupply.kicad_sch"/>
      <property name="ki_description" value="test point"/>
      <property name="ki_keywords" value="test point tp"/>
      <sheetpath names="/" tstamps="/"/>
      <tstamps>8e843a37-108d-4ccd-ba9f-c31d1a4c8d0b</tstamps>
    </comp>
    <comp ref="TP14">
      <value>TestPoint</value>
      <libsource lib="Connector" part="TestPoint" description="test point"/>
      <property name="Sheetname" value=""/>
      <property name="Sheetfile" value="universal12Vsupply.kicad_sch"/>
      <property name="ki_description" value="test point"/>
      <property name="ki_keywords" value="test point tp"/>
      <sheetpath names="/" tstamps="/"/>
      <tstamps>8794f491-79e4-4201-80b1-c576cb765416</tstamps>
    </comp>
    <comp ref="TP15">
      <value>TestPoint</value>
      <libsource lib="Connector" part="TestPoint" description="test point"/>
      <property name="Sheetname" value=""/>
      <property name="Sheetfile" value="universal12Vsupply.kicad_sch"/>
      <property name="ki_description" value="test point"/>
      <property name="ki_keywords" value="test point tp"/>
      <sheetpath names="/" tstamps="/"/>
      <tstamps>d047e666-ba80-47f0-8331-feeb984a39fa</tstamps>
    </comp>
    <comp ref="TP16">
      <value>TestPoint</value>
      <libsource lib="Connector" part="TestPoint" description="test point"/>
      <property name="Sheetname" value=""/>
      <property name="Sheetfile" value="universal12Vsupply.kicad_sch"/>
      <property name="ki_description" value="test point"/>
      <property name="ki_keywords" value="test point tp"/>
      <sheetpath names="/" tstamps="/"/>
      <tstamps>188e77f9-c0d1-4b32-bfc3-b116f7ac9c5f</tstamps>
    </comp>
    <comp ref="TP17">
      <value>TestPoint</value>
      <libsource lib="Connector" part="TestPoint" description="test point"/>
      <property name="Sheetname" value=""/>
      <property name="Sheetfile" value="universal12Vsupply.kicad_sch"/>
      <property name="ki_description" value="test point"/>
      <property name="ki_keywords" value="test point tp"/>
      <sheetpath names="/" tstamps="/"/>
      <tstamps>8fec7bc8-57bf-45dd-98dc-ddb5d6302752</tstamps>
    </comp>
    <comp ref="TP18">
      <value>TestPoint</value>
      <libsource lib="Connector" part="TestPoint" description="test point"/>
      <property name="Sheetname" value=""/>
      <property name="Sheetfile" value="universal12Vsupply.kicad_sch"/>
      <property name="ki_description" value="test point"/>
      <property name="ki_keywords" value="test point tp"/>
      <sheetpath names="/" tstamps="/"/>
      <tstamps>7325a6e5-7ee9-4946-a6f4-a6b7a12c05f1</tstamps>
    </comp>
    <comp ref="TP19">
      <value>TestPoint</value>
      <libsource lib="Connector" part="TestPoint" description="test point"/>
      <property name="Sheetname" value=""/>
      <property name="Sheetfile" value="universal12Vsupply.kicad_sch"/>
      <property name="ki_description" value="test point"/>
      <property name="ki_keywords" value="test point tp"/>
      <sheetpath names="/" tstamps="/"/>
      <tstamps>ba140743-24ee-4830-b79f-8a9a0a01b2e7</tstamps>
    </comp>
    <comp ref="TP20">
      <value>TestPoint</value>
      <libsource lib="Connector" part="TestPoint" description="test point"/>
      <property name="Sheetname" value=""/>
      <property name="Sheetfile" value="universal12Vsupply.kicad_sch"/>
      <property name="ki_description" value="test point"/>
      <property name="ki_keywords" value="test point tp"/>
      <sheetpath names="/" tstamps="/"/>
      <tstamps>3ded3540-3f42-4fbd-8b21-e8ed8139133b</tstamps>
    </comp>
    <comp ref="TP21">
      <value>TestPoint</value>
      <libsource lib="Connector" part="TestPoint" description="test point"/>
      <property name="Sheetname" value=""/>
      <property name="Sheetfile" value="universal12Vsupply.kicad_sch"/>
      <property name="ki_description" value="test point"/>
      <property name="ki_keywords" value="test point tp"/>
      <sheetpath names="/" tstamps="/"/>
      <tstamps>afd5befb-aef3-4fcc-8f80-59db33193a73</tstamps>
    </comp>
    <comp ref="TP22">
      <value>TestPoint</value>
      <libsource lib="Connector" part="TestPoint" description="test point"/>
      <property name="Sheetname" value=""/>
      <property name="Sheetfile" value="universal12Vsupply.kicad_sch"/>
      <property name="ki_description" value="test point"/>
      <property name="ki_keywords" value="test point tp"/>
      <sheetpath names="/" tstamps="/"/>
      <tstamps>830c74cc-c381-4cca-a86a-e8d571c8fbd7</tstamps>
    </comp>
    <comp ref="U1">
      <value>LM5175PWP</value>
      <footprint>Package_SO:HTSSOP-28-1EP_4.4x9.7mm_P0.65mm_EP3.4x9.5mm_ThermalVias</footprint>
      <datasheet>http://www.ti.com/lit/ds/symlink/lm5175.pdf</datasheet>
      <fields>
        <field name="Farnell">https://be.farnell.com/en-BE/texas-instruments/lm5175pwpt/dc-dc-ctrl-sync-buck-boost-htssop28/dp/3008670RL?st=lm5175</field>
        <field name="Sim.Device">SUBCKT</field>
        <field name="Sim.Library">/home/jorgep/Desktop/Faculdade/2Ano/PowerElectronics/project/simulationModels/LM5175_TRANS.lib</field>
        <field name="Sim.Name">LM5175_TRANS</field>
        <field name="Sim.Pins">1=EN_UVLO 2=VIN 3=VISNS 4=MODE 5=DITH 6=RT 7=SLOPE 8=SS 9=COMP 10=AGND 11=FB 12=VOSNS 13=ISNS_N 14=ISNS_P 15=CSG 16=CS 17=PGOOD 18=SW2 19=HDRV2 20=BOOT2 21=LDRV2 22=PGND 23=VCC 24=BIAS 25=LDRV1 26=BOOT1 27=HDRV1 28=SW1 29=PAD</field>
      </fields>
      <libsource lib="New_Library" part="LM34936-Q1" description="42-V wide Vin synchronous 4-switch Buck-Boost controller, HTSSOP-28 package"/>
      <property name="Sim.Library" value="/home/jorgep/Desktop/Faculdade/2Ano/PowerElectronics/project/simulationModels/LM5175_TRANS.lib"/>
      <property name="Sim.Name" value="LM5175_TRANS"/>
      <property name="Sim.Device" value="SUBCKT"/>
      <property name="Sim.Pins" value="1=EN_UVLO 2=VIN 3=VISNS 4=MODE 5=DITH 6=RT 7=SLOPE 8=SS 9=COMP 10=AGND 11=FB 12=VOSNS 13=ISNS_N 14=ISNS_P 15=CSG 16=CS 17=PGOOD 18=SW2 19=HDRV2 20=BOOT2 21=LDRV2 22=PGND 23=VCC 24=BIAS 25=LDRV1 26=BOOT1 27=HDRV1 28=SW1 29=PAD"/>
      <property name="Farnell" value="https://be.farnell.com/en-BE/texas-instruments/lm5175pwpt/dc-dc-ctrl-sync-buck-boost-htssop28/dp/3008670RL?st=lm5175"/>
      <property name="Sheetname" value=""/>
      <property name="Sheetfile" value="universal12Vsupply.kicad_sch"/>
      <property name="ki_description" value="42-V wide Vin synchronous 4-switch Buck-Boost controller, HTSSOP-28 package"/>
      <property name="ki_keywords" value="Buck Boost step-up step-down"/>
      <sheetpath names="/" tstamps="/"/>
      <tstamps>15355fcd-60cf-4664-b5ac-d74895103088</tstamps>
    </comp>
  </components>
  <libparts>
    <libpart lib="Connector" part="Screw_Terminal_01x02">
      <description>Generic screw terminal, single row, 01x02, script generated (kicad-library-utils/schlib/autogen/connector/)</description>
      <docs>~</docs>
      <footprints>
        <fp>TerminalBlock*:*</fp>
      </footprints>
      <fields>
        <field name="Reference">J</field>
        <field name="Value">Screw_Terminal_01x02</field>
        <field name="Datasheet">~</field>
      </fields>
      <pins>
        <pin num="1" name="Pin_1" type="passive"/>
        <pin num="2" name="Pin_2" type="passive"/>
      </pins>
    </libpart>
    <libpart lib="Connector" part="Screw_Terminal_01x04">
      <description>Generic screw terminal, single row, 01x04, script generated (kicad-library-utils/schlib/autogen/connector/)</description>
      <docs>~</docs>
      <footprints>
        <fp>TerminalBlock*:*</fp>
      </footprints>
      <fields>
        <field name="Reference">J</field>
        <field name="Value">Screw_Terminal_01x04</field>
        <field name="Datasheet">~</field>
      </fields>
      <pins>
        <pin num="1" name="Pin_1" type="passive"/>
        <pin num="2" name="Pin_2" type="passive"/>
        <pin num="3" name="Pin_3" type="passive"/>
        <pin num="4" name="Pin_4" type="passive"/>
      </pins>
    </libpart>
    <libpart lib="Connector" part="TestPoint">
      <description>test point</description>
      <docs>~</docs>
      <footprints>
        <fp>Pin*</fp>
        <fp>Test*</fp>
      </footprints>
      <fields>
        <field name="Reference">TP</field>
        <field name="Value">TestPoint</field>
        <field name="Datasheet">~</field>
      </fields>
      <pins>
        <pin num="1" name="1" type="passive"/>
      </pins>
    </libpart>
    <libpart lib="Device" part="C">
      <description>Unpolarized capacitor</description>
      <docs>~</docs>
      <footprints>
        <fp>C_*</fp>
      </footprints>
      <fields>
        <field name="Reference">C</field>
        <field name="Value">C</field>
        <field name="Datasheet">~</field>
      </fields>
      <pins>
        <pin num="1" name="" type="passive"/>
        <pin num="2" name="" type="passive"/>
      </pins>
    </libpart>
    <libpart lib="Device" part="C_Polarized">
      <description>Polarized capacitor</description>
      <docs>~</docs>
      <footprints>
        <fp>CP_*</fp>
      </footprints>
      <fields>
        <field name="Reference">C</field>
        <field name="Value">C_Polarized</field>
        <field name="Datasheet">~</field>
      </fields>
      <pins>
        <pin num="1" name="" type="passive"/>
        <pin num="2" name="" type="passive"/>
      </pins>
    </libpart>
    <libpart lib="Device" part="D_Schottky">
      <description>Schottky diode</description>
      <docs>~</docs>
      <footprints>
        <fp>TO-???*</fp>
        <fp>*_Diode_*</fp>
        <fp>*SingleDiode*</fp>
        <fp>D_*</fp>
      </footprints>
      <fields>
        <field name="Reference">D</field>
        <field name="Value">D_Schottky</field>
        <field name="Datasheet">~</field>
      </fields>
      <pins>
        <pin num="1" name="K" type="passive"/>
        <pin num="2" name="A" type="passive"/>
      </pins>
    </libpart>
    <libpart lib="Device" part="L">
      <description>Inductor</description>
      <docs>~</docs>
      <footprints>
        <fp>Choke_*</fp>
        <fp>*Coil*</fp>
        <fp>Inductor_*</fp>
        <fp>L_*</fp>
      </footprints>
      <fields>
        <field name="Reference">L</field>
        <field name="Value">L</field>
        <field name="Datasheet">~</field>
      </fields>
      <pins>
        <pin num="1" name="1" type="passive"/>
        <pin num="2" name="2" type="passive"/>
      </pins>
    </libpart>
    <libpart lib="Device" part="R">
      <description>Resistor</description>
      <docs>~</docs>
      <footprints>
        <fp>R_*</fp>
      </footprints>
      <fields>
        <field name="Reference">R</field>
        <field name="Value">R</field>
        <field name="Datasheet">~</field>
      </fields>
      <pins>
        <pin num="1" name="" type="passive"/>
        <pin num="2" name="" type="passive"/>
      </pins>
    </libpart>
    <libpart lib="Mechanical" part="MountingHole_Pad">
      <description>Mounting Hole with connection</description>
      <docs>~</docs>
      <footprints>
        <fp>MountingHole*Pad*</fp>
      </footprints>
      <fields>
        <field name="Reference">H</field>
        <field name="Value">MountingHole_Pad</field>
        <field name="Datasheet">~</field>
      </fields>
      <pins>
        <pin num="1" name="1" type="input"/>
      </pins>
    </libpart>
    <libpart lib="New_Library" part="LM34936-Q1">
      <description>42-V wide Vin synchronous 4-switch Buck-Boost controller, HTSSOP-28 package</description>
      <docs>http://www.ti.com/lit/ds/symlink/lm5175.pdf</docs>
      <footprints>
        <fp>HTSSOP*4.4x9.7mm*P0.65*ThermalVias*</fp>
      </footprints>
      <fields>
        <field name="Reference">U</field>
        <field name="Value">LM5175PWP</field>
        <field name="Footprint">Package_SO:HTSSOP-28-1EP_4.4x9.7mm_P0.65mm_EP3.4x9.5mm_ThermalVias</field>
        <field name="Datasheet">http://www.ti.com/lit/ds/symlink/lm5175.pdf</field>
      </fields>
      <pins>
        <pin num="1" name="EN/UVLO" type="input"/>
        <pin num="2" name="VIN" type="power_in"/>
        <pin num="3" name="VISNS" type="input"/>
        <pin num="4" name="MODE" type="input"/>
        <pin num="5" name="DITH" type="passive"/>
        <pin num="6" name="RT/SYNC" type="input"/>
        <pin num="7" name="SLOPE" type="passive"/>
        <pin num="8" name="SS" type="passive"/>
        <pin num="9" name="COMP" type="passive"/>
        <pin num="10" name="AGND" type="power_in"/>
        <pin num="11" name="FB" type="input"/>
        <pin num="12" name="VOSNS" type="output"/>
        <pin num="13" name="ISNS(-)" type="input"/>
        <pin num="14" name="ISNS(+)" type="input"/>
        <pin num="15" name="CSG" type="input"/>
        <pin num="16" name="CS" type="input"/>
        <pin num="17" name="PGOOD" type="output"/>
        <pin num="18" name="SW2" type="output"/>
        <pin num="19" name="HDRV2" type="output"/>
        <pin num="20" name="BOOT2" type="passive"/>
        <pin num="21" name="LDRV2" type="output"/>
        <pin num="22" name="PGND" type="power_in"/>
        <pin num="23" name="VCC" type="power_in"/>
        <pin num="24" name="BIAS" type="input"/>
        <pin num="25" name="LDRV1" type="output"/>
        <pin num="26" name="BOOT1" type="passive"/>
        <pin num="27" name="HDRV1" type="output"/>
        <pin num="28" name="SW1" type="output"/>
        <pin num="29" name="PowerPAD" type="input"/>
      </pins>
    </libpart>
    <libpart lib="Transistor_FET" part="CSD18532Q5B">
      <description>100A Id, 60V Vds, NexFET N-Channel Power MOSFET, 3.2mOhm Ron, 44nC Qg(typ), SON8 5x6mm</description>
      <docs>http://www.ti.com/lit/gpn/csd18532q5b</docs>
      <footprints>
        <fp>TDSON*</fp>
      </footprints>
      <fields>
        <field name="Reference">Q</field>
        <field name="Value">CSD18532Q5B</field>
        <field name="Footprint">Package_TO_SOT_SMD:TDSON-8-1</field>
        <field name="Datasheet">http://www.ti.com/lit/gpn/csd18532q5b</field>
      </fields>
      <pins>
        <pin num="1" name="S" type="passive"/>
        <pin num="2" name="S" type="passive"/>
        <pin num="3" name="S" type="passive"/>
        <pin num="4" name="G" type="passive"/>
        <pin num="5" name="D" type="passive"/>
      </pins>
    </libpart>
  </libparts>
  <libraries>
    <library logical="Connector">
      <uri>/usr/share/kicad/symbols//Connector.kicad_sym</uri>
    </library>
    <library logical="Device">
      <uri>/usr/share/kicad/symbols//Device.kicad_sym</uri>
    </library>
    <library logical="Mechanical">
      <uri>/usr/share/kicad/symbols//Mechanical.kicad_sym</uri>
    </library>
    <library logical="New_Library">
      <uri>/home/jorgep/Desktop/Faculdade/2Ano/PowerElectronics/project/universal12Vsupply/New_Library.kicad_sym</uri>
    </library>
    <library logical="Transistor_FET">
      <uri>/usr/share/kicad/symbols//Transistor_FET.kicad_sym</uri>
    </library>
  </libraries>
  <nets>
    <net code="1" name="/BIAS">
      <node ref="Cbias1" pin="2" pintype="passive"/>
      <node ref="TP13" pin="1" pinfunction="1" pintype="passive"/>
      <node ref="U1" pin="24" pinfunction="BIAS" pintype="input"/>
    </net>
    <net code="2" name="/BOOT1">
      <node ref="Cboot1" pin="1" pintype="passive"/>
      <node ref="Dboot1" pin="1" pinfunction="K" pintype="passive"/>
      <node ref="TP14" pin="1" pinfunction="1" pintype="passive"/>
      <node ref="U1" pin="26" pinfunction="BOOT1" pintype="passive"/>
    </net>
    <net code="3" name="/BOOT2">
      <node ref="Cboot2" pin="1" pintype="passive"/>
      <node ref="Dboot2" pin="1" pinfunction="K" pintype="passive"/>
      <node ref="TP16" pin="1" pinfunction="1" pintype="passive"/>
      <node ref="U1" pin="20" pinfunction="BOOT2" pintype="passive"/>
    </net>
    <net code="4" name="/COMP">
      <node ref="Cc1" pin="1" pintype="passive"/>
      <node ref="Cc2" pin="1" pintype="passive"/>
      <node ref="TP19" pin="1" pinfunction="1" pintype="passive"/>
      <node ref="U1" pin="9" pinfunction="COMP" pintype="passive"/>
    </net>
    <net code="5" name="/MODE">
      <node ref="Rmode1" pin="1" pintype="passive"/>
      <node ref="TP20" pin="1" pinfunction="1" pintype="passive"/>
      <node ref="U1" pin="4" pinfunction="MODE" pintype="input"/>
    </net>
    <net code="6" name="/PGOOD">
      <node ref="Rpg1" pin="1" pintype="passive"/>
      <node ref="TP15" pin="1" pinfunction="1" pintype="passive"/>
      <node ref="U1" pin="17" pinfunction="PGOOD" pintype="output"/>
    </net>
    <net code="7" name="/RT{slash}SYNC">
      <node ref="RT1" pin="1" pintype="passive"/>
      <node ref="TP21" pin="1" pinfunction="1" pintype="passive"/>
      <node ref="U1" pin="6" pinfunction="RT/SYNC" pintype="input"/>
    </net>
    <net code="8" name="/SLOPE">
      <node ref="Cslope1" pin="1" pintype="passive"/>
      <node ref="TP17" pin="1" pinfunction="1" pintype="passive"/>
      <node ref="U1" pin="7" pinfunction="SLOPE" pintype="passive"/>
    </net>
    <net code="9" name="/SS">
      <node ref="Css1" pin="1" pintype="passive"/>
      <node ref="TP18" pin="1" pinfunction="1" pintype="passive"/>
      <node ref="U1" pin="8" pinfunction="SS" pintype="passive"/>
    </net>
    <net code="10" name="/source2_4">
      <node ref="D2" pin="2" pinfunction="A" pintype="passive"/>
      <node ref="QL1" pin="1" pinfunction="S" pintype="passive"/>
      <node ref="QL1" pin="2" pinfunction="S" pintype="passive"/>
      <node ref="QL1" pin="3" pinfunction="S" pintype="passive"/>
      <node ref="QL2" pin="1" pinfunction="S" pintype="passive"/>
      <node ref="QL2" pin="2" pinfunction="S" pintype="passive"/>
      <node ref="QL2" pin="3" pinfunction="S" pintype="passive"/>
      <node ref="R4" pin="2" pintype="passive"/>
      <node ref="Rsense1" pin="1" pintype="passive"/>
      <node ref="TP22" pin="1" pinfunction="1" pintype="passive"/>
    </net>
    <net code="11" name="CS">
      <node ref="C1" pin="1" pintype="passive"/>
      <node ref="R4" pin="1" pintype="passive"/>
      <node ref="TP4" pin="1" pinfunction="1" pintype="passive"/>
      <node ref="U1" pin="16" pinfunction="CS" pintype="input"/>
    </net>
    <net code="12" name="CSG">
      <node ref="C1" pin="2" pintype="passive"/>
      <node ref="R5" pin="1" pintype="passive"/>
      <node ref="TP5" pin="1" pinfunction="1" pintype="passive"/>
      <node ref="U1" pin="15" pinfunction="CSG" pintype="input"/>
    </net>
    <net code="13" name="EN">
      <node ref="R2" pin="2" pintype="passive"/>
      <node ref="R3" pin="1" pintype="passive"/>
      <node ref="TP3" pin="1" pinfunction="1" pintype="passive"/>
      <node ref="U1" pin="1" pinfunction="EN/UVLO" pintype="input"/>
    </net>
    <net code="14" name="FB">
      <node ref="RFB1" pin="1" pintype="passive"/>
      <node ref="RFB2" pin="2" pintype="passive"/>
      <node ref="TP10" pin="1" pinfunction="1" pintype="passive"/>
      <node ref="U1" pin="11" pinfunction="FB" pintype="input"/>
    </net>
    <net code="15" name="GND">
      <node ref="C2" pin="2" pintype="passive"/>
      <node ref="C3" pin="2" pintype="passive"/>
      <node ref="C4" pin="2" pintype="passive"/>
      <node ref="C5" pin="2" pintype="passive"/>
      <node ref="C6" pin="2" pintype="passive"/>
      <node ref="Cbulk1" pin="2" pintype="passive"/>
      <node ref="Cc2" pin="2" pintype="passive"/>
      <node ref="Cin1" pin="2" pintype="passive"/>
      <node ref="Cslope1" pin="2" pintype="passive"/>
      <node ref="Css1" pin="2" pintype="passive"/>
      <node ref="H1" pin="1" pinfunction="1" pintype="input"/>
      <node ref="H2" pin="1" pinfunction="1" pintype="input"/>
      <node ref="H3" pin="1" pinfunction="1" pintype="input"/>
      <node ref="H4" pin="1" pinfunction="1" pintype="input"/>
      <node ref="J1" pin="2" pinfunction="Pin_2" pintype="passive"/>
      <node ref="J1" pin="4" pinfunction="Pin_4" pintype="passive"/>
      <node ref="J2" pin="2" pinfunction="Pin_2" pintype="passive"/>
      <node ref="R3" pin="2" pintype="passive"/>
      <node ref="R5" pin="2" pintype="passive"/>
      <node ref="RFB1" pin="2" pintype="passive"/>
      <node ref="RT1" pin="2" pintype="passive"/>
      <node ref="Rc1" pin="2" pintype="passive"/>
      <node ref="Rmode1" pin="2" pintype="passive"/>
      <node ref="Rsense1" pin="2" pintype="passive"/>
      <node ref="U1" pin="10" pinfunction="AGND" pintype="power_in"/>
      <node ref="U1" pin="13" pinfunction="ISNS(-)" pintype="input"/>
      <node ref="U1" pin="14" pinfunction="ISNS(+)" pintype="input"/>
      <node ref="U1" pin="22" pinfunction="PGND" pintype="power_in"/>
      <node ref="U1" pin="29" pinfunction="PowerPAD" pintype="input"/>
      <node ref="U1" pin="5" pinfunction="DITH" pintype="passive"/>
    </net>
    <net code="16" name="HDRV1">
      <node ref="QH1" pin="4" pinfunction="G" pintype="passive"/>
      <node ref="TP7" pin="1" pinfunction="1" pintype="passive"/>
      <node ref="U1" pin="27" pinfunction="HDRV1" pintype="output"/>
    </net>
    <net code="17" name="HDRV2">
      <node ref="QH2" pin="4" pinfunction="G" pintype="passive"/>
      <node ref="TP11" pin="1" pinfunction="1" pintype="passive"/>
      <node ref="U1" pin="19" pinfunction="HDRV2" pintype="output"/>
    </net>
    <net code="18" name="ICVin">
      <node ref="C2" pin="1" pintype="passive"/>
      <node ref="R1" pin="2" pintype="passive"/>
      <node ref="TP2" pin="1" pinfunction="1" pintype="passive"/>
      <node ref="U1" pin="2" pinfunction="VIN" pintype="power_in"/>
    </net>
    <net code="19" name="LDRV1">
      <node ref="QL1" pin="4" pinfunction="G" pintype="passive"/>
      <node ref="TP9" pin="1" pinfunction="1" pintype="passive"/>
      <node ref="U1" pin="25" pinfunction="LDRV1" pintype="output"/>
    </net>
    <net code="20" name="LDRV2">
      <node ref="QL2" pin="4" pinfunction="G" pintype="passive"/>
      <node ref="TP1" pin="1" pinfunction="1" pintype="passive"/>
      <node ref="U1" pin="21" pinfunction="LDRV2" pintype="output"/>
    </net>
    <net code="21" name="Net-(Cc1-Pad2)">
      <node ref="Cc1" pin="2" pintype="passive"/>
      <node ref="Rc1" pin="1" pintype="passive"/>
    </net>
    <net code="22" name="Net-(D3-K)">
      <node ref="D3" pin="1" pinfunction="K" pintype="passive"/>
      <node ref="R1" pin="1" pintype="passive"/>
    </net>
    <net code="23" name="SW1">
      <node ref="Cboot1" pin="2" pintype="passive"/>
      <node ref="D2" pin="1" pinfunction="K" pintype="passive"/>
      <node ref="L1" pin="1" pinfunction="1" pintype="passive"/>
      <node ref="QH1" pin="1" pinfunction="S" pintype="passive"/>
      <node ref="QH1" pin="2" pinfunction="S" pintype="passive"/>
      <node ref="QH1" pin="3" pinfunction="S" pintype="passive"/>
      <node ref="QL1" pin="5" pinfunction="D" pintype="passive"/>
      <node ref="TP8" pin="1" pinfunction="1" pintype="passive"/>
      <node ref="U1" pin="28" pinfunction="SW1" pintype="output"/>
    </net>
    <net code="24" name="SW2">
      <node ref="Cboot2" pin="2" pintype="passive"/>
      <node ref="D1" pin="2" pinfunction="A" pintype="passive"/>
      <node ref="L1" pin="2" pinfunction="2" pintype="passive"/>
      <node ref="QH2" pin="1" pinfunction="S" pintype="passive"/>
      <node ref="QH2" pin="2" pinfunction="S" pintype="passive"/>
      <node ref="QH2" pin="3" pinfunction="S" pintype="passive"/>
      <node ref="QL2" pin="5" pinfunction="D" pintype="passive"/>
      <node ref="TP12" pin="1" pinfunction="1" pintype="passive"/>
      <node ref="U1" pin="18" pinfunction="SW2" pintype="output"/>
    </net>
    <net code="25" name="Vcc">
      <node ref="Cbias1" pin="1" pintype="passive"/>
      <node ref="Dboot1" pin="2" pinfunction="A" pintype="passive"/>
      <node ref="Dboot2" pin="2" pinfunction="A" pintype="passive"/>
      <node ref="Rpg1" pin="2" pintype="passive"/>
      <node ref="TP6" pin="1" pinfunction="1" pintype="passive"/>
      <node ref="U1" pin="23" pinfunction="VCC" pintype="power_in"/>
    </net>
    <net code="26" name="Vin">
      <node ref="Cbulk1" pin="1" pintype="passive"/>
      <node ref="Cin1" pin="1" pintype="passive"/>
      <node ref="D3" pin="2" pinfunction="A" pintype="passive"/>
      <node ref="J2" pin="1" pinfunction="Pin_1" pintype="passive"/>
      <node ref="QH1" pin="5" pinfunction="D" pintype="passive"/>
      <node ref="R2" pin="1" pintype="passive"/>
      <node ref="U1" pin="3" pinfunction="VISNS" pintype="input"/>
    </net>
    <net code="27" name="Vout">
      <node ref="C3" pin="1" pintype="passive"/>
      <node ref="C4" pin="1" pintype="passive"/>
      <node ref="C5" pin="1" pintype="passive"/>
      <node ref="C6" pin="1" pintype="passive"/>
      <node ref="D1" pin="1" pinfunction="K" pintype="passive"/>
      <node ref="J1" pin="1" pinfunction="Pin_1" pintype="passive"/>
      <node ref="J1" pin="3" pinfunction="Pin_3" pintype="passive"/>
      <node ref="QH2" pin="5" pinfunction="D" pintype="passive"/>
      <node ref="RFB2" pin="1" pintype="passive"/>
      <node ref="U1" pin="12" pinfunction="VOSNS" pintype="output"/>
    </net>
  </nets>
</export>
